<?xml version="1.0" encoding="UTF-8" standalone="yes"?>
<addon id="repository.levistitch" name="[COLORorange]L[/COLOR][COLORtan]evistitch[/COLOR] [COLORorange]R[/COLOR][COLORtan]epository[/COLOR]" version="1.2" provider-name="Levistitch">
	<extension point="xbmc.addon.repository" name="Levistitch ">
     <dir>
             <info compressed="false">https://raw.githubusercontent.com/totalrevolution/python-koding/master/zips/addons.xml</info>
             <checksum>https://raw.githubusercontent.com/totalrevolution/python-koding/master/zips/addons.xml.md5</checksum>
             <datadir zip="true">https://raw.githubusercontent.com/totalrevolution/python-koding/master/zips/</datadir>
     </dir>	    
	<dir>
			<info compressed="false">https://raw.githubusercontent.com/noobsandnerds/modules4all/master/zips/addons.xml</info>
			<checksum>https://raw.githubusercontent.com/noobsandnerds/modules4all/master/zips/addons.xml.md5</checksum>
			<datadir zip="true">https://raw.githubusercontent.com/noobsandnerds/modules4all/master/zips/</datadir>
    </dir>
	<dir>
			<info compressed="false">https://raw.githubusercontent.com/levistitch/lszips/master/levistitch/addons.xml</info>
			<checksum>https://raw.githubusercontent.com/levistitch/lszips/master/levistitch/addons.xml.md5</checksum>
			<datadir zip="true">https://raw.githubusercontent.com/levistitch/lszips/master/levistitch/</datadir>
	</dir>
	</extension>
	<extension point="xbmc.addon.metadata">
		<summary></summary>
		<description></description>
		<platform>all</platform>
	</extension>
</addon>
