<?xml version="1.0" encoding="UTF-8" standalone="yes"?>
<addon id="plugin.program.ls" name="Levistitch Wizard" version="1.4" provider-name="Levistitch">
  <requires>
    <import addon="xbmc.python" version="2.1.0"/>
  </requires>
  <extension point="xbmc.python.pluginsource" library="default.py">
    <provides>executable</provides>
  </extension>
  <extension point="xbmc.service" library="startup.py" start="startup" />
  <extension point="xbmc.addon.metadata">
    <summary lang="en">Levistitch Wizard</summary>
    <description lang="en">Ls Wizard is a simple way to download LS Builds</description>
    <platform>all</platform>
  </extension>
</addon>