<?xml version="1.0" encoding="UTF-8" standalone="yes"?>
<addon id="plugin.video.shrooms" name="[COLORaqua]Shrooms[/COLOR]" version="1.4" provider-name="Levi">
    <requires>
        <import addon="xbmc.python" version="2.19.0" />
        <import addon="script.module.nanscrapers" version="0.5.5" />
        <import addon="script.module.python.koding.aio" version="0.9.6.6" />
        <import addon="script.module.beautifulsoup" version="3.2.1" />
        <import addon="script.module.requests" version="2.9.1" />
        <import addon="script.module.addon.common" version="2.0.0" />
        <import addon="script.module.xmltodict" version="0.9.0" />
        <!--<import addon="script.module.web-pdb" version="1.0"/>-->
        <import addon="script.module.urlresolver" version="1.2.0" />
		<import addon="script.module.liveresolver" version="0.1.49"/>
		<import addon="script.module.livestreamer" version="1.12.0"/>
    </requires>
    <extension point="xbmc.python.pluginsource" library="default.py">
        <provides>video</provides>
    </extension>
    <extension point="xbmc.service" library="service.py" start="[login|startup]" />
    <extension point="xbmc.addon.metadata">
        <summary lang="en">Movies and Tv Shows</summary>
        <description lang="en">Powered By Jen! The developer does not own any content found within this add on. All content is found across the web freely. The developer is in no way affiliated with Kodi or XBMC.</description>
        <platform>all</platform>
        <website></website>
        <video_guide></video_guide>
    </extension>
</addon>
