<?xml version="1.0" encoding="UTF-8" standalone="yes"?>
<addon id="plugin.program.levistitch" name="[COLOR darkorange]Levistitch[/COLOR] [COLOR snow]Wizard[/COLOR]" version="0.0.3" provider-name="Levistitch">
  <requires>
    <import addon="xbmc.python" version="2.1.0"/>
    <import addon="script.module.requests" version="2.9.1"/>    
  </requires>
  <extension point="xbmc.python.pluginsource" library="default.py">
    <provides>program executable</provides>
  </extension>
  <extension point="xbmc.service" library="startup.py" start="startup" />
  <extension point="xbmc.addon.metadata">
    <summary lang="en">Welcome to the Levistitch Next Generation Wizard</summary>
    <description lang="en">This Software is designed to keep your KODI device up to date and running smoothly</description>
    <disclaimer lang="en">For help and support ... Twitter @Levistitch</disclaimer> 
    <language></language>
    <platform>all</platform>
    <license>GNU GENERAL PUBLIC LICENSE. Version 2, June 1991</license>
    <forum></forum>
    <website></website>
    <email></email>
    <source></source>
    <news>v4.2.0 Added Krypton and APK Installer Menus</news>
    <assets>
        <icon>resources/art/icon.png</icon>
        <fanart>resources/art/fanart.jpg</fanart>
        <screenshot>resources/screenshot-01.jpg</screenshot>
        <screenshot>resources/screenshot-01.jpg</screenshot>
        <screenshot>resources/screenshot-01.jpg</screenshot>
        <screenshot>resources/screenshot-01.jpg</screenshot>        
    </assets>
  </extension>
</addon>