<?xml version="1.0" encoding="UTF-8" standalone="yes"?>
<addon id="plugin.video.13" name="[COLORgoldenrod]News 13[/COLOR]" version="1.0.0" provider-name="Tahquitz">
	<requires>
		<import addon="xbmc.python" version="2.19.0" />
		<import addon="script.module.nanscrapers" version="0.5.5" />
        <import addon="script.module.python.koding.aio" version="0.0.1"/>
	</requires>
	<extension point="xbmc.python.pluginsource" library="default.py">
		<provides>video</provides>
	</extension>
	<extension point="xbmc.addon.metadata">
		<summary lang="en">Wbko</summary>
		<description lang="en">Wbko News 13.  Live when live is on.  Replays when it's.  The developer is in no way, shape, or form affiliated or associated with XBMC or Kodi.</description>
		<platform>all</platform>
		<forum>For support @Levistitch</forum>
		<website></website>
		<news></news>
		<genre>News</genre>
		<video_guide></video_guide>
		<video_preview></video_preview>
	</extension>
</addon>
